Paper ID,Type,Limit,Site,Lat,Long,Certainty
220,Point,,1,"-54.010002,",-38.034,3
200,Point,,1,"45.373751,",12.455,3
182,Point,,1,36.5,120.417,1
182,Point,,2,35.95,120.26,1
182,Point,,3,22.73,115.167,1
214,Point,,2,79.58115,-4.603,1
196,Point,,3,79.574,5.045,2
214,Point,,1,79.058,-4.116,1
196,Point,,2,79.003,4.551,2
148,Point,,3,78.973,11.453,3
126,Point,,6,78.895,10.464,1
126,Point,,5,78.82,10.535,1
126,Point,,4,78.732,10.621,1
126,Point,,3,78.616,10.86,1
196,Point,,1,78.614,4.955,2
126,Point,,2,78.514,10.994,1
126,Point,,1,78.434,11.365,1
148,Point,,10,63.916,-22.727,3
148,Point,,11,63.412,-20.29,3
148,Point,,12,62.199,-7.244,3
89,Point,,3,61.3,0.505,1
89,Point,,2,61.246,-0.326,1
89,Point,,4,61.246,1.244,1
89,Point,,5,61.083,2.537,1
89,Point,,1,61.028,-1.064,1
89,Point,,8,60.457,1.244,1
89,Point,,7,60.376,0.505,1
148,Point,,9,60.354,-1.116,3
89,Point,,9,60.321,2.075,1
89,Point,,10,60.212,3.091,1
89,Point,,6,60.076,-0.464,1
999,Point,,BF-76,60,-149.9,1
187,Point,,1,59.384,18.181,1
89,Point,,15,59.342,1.706,1
89,Point,,16,59.342,2.121,1
89,Point,,12,59.288,-1.295,1
89,Point,,13,59.233,-0.418,1
89,Point,,17,59.233,3.46,1
89,Point,,14,59.179,0.967,1
89,Point,,11,59.152,-2.08,1
179,Point,,5,58.903,11.147,1
179,Point,,6,58.885,11.139,1
179,Point,,4,58.878,11.141,1
179,Point,,1,58.877,11.145,1
179,Point,,7,58.877,11.127,1
179,Point,,2,58.875,11.144,1
179,Point,,8,58.875,11.146,1
179,Point,,3,58.874,11.146,1
89,Point,,27,58.526,3.784,1
89,Point,,22,58.472,0.69,1
89,Point,,18,58.444,-2.542,1
89,Point,,23,58.281,1.383,1
89,Point,,26,58.281,2.583,1
89,Point,,21,58.227,-0.603,1
89,Point,,19,58.064,-1.341,1
89,Point,,20,57.982,-0.372,1
223,Point,,30,57.819,10.935,1
89,Point,,25,57.792,1.475,1
89,Point,,30,57.792,5.354,1
223,Point,,29,57.768,9.82,1
89,Point,,28,57.764,3.414,1
89,Point,,29,57.737,4.707,1
89,Point,,24,57.52,0.321,1
999,Point,,BF-187,57.4,-134.8,1
89,Point,,39,57.329,2.491,1
223,Point,,28,57.293,8.392,1
89,Point,,36,57.139,1.521,1
89,Point,,31,57.112,-1.803,1
89,Point,,32,57.112,-0.418,1
89,Point,,40,57.112,3.23,1
999,Point,,BF-236,57.051,-135.342,1
999,Point,,BF-237,57.051,-135.342,1
999,Point,,BF-239,57.051,-135.342,1
223,Point,,31,56.837,10.907,1
89,Point,,42,56.812,4.522,1
89,Point,,35,56.785,0.367,1
89,Point,,37,56.785,1.429,1
89,Point,,41,56.785,3.507,1
89,Point,,43,56.785,5.769,1
89,Point,,38,56.758,2.399,1
999,Point,,BF-93,56.674,-135.2,1
89,Point,,34,56.649,-0.372,1
89,Point,,44,56.649,7.016,1
223,Point,,33,56.528,11.892,1
89,Point,,33,56.513,-1.295,1
223,Point,,27,56.466,7.741,1
223,Point,,32,56.452,11.338,1
210,Point,,3,56.064,-2.778,2
210,Point,,5,56.059,-2.714,2
210,Point,,2,56.04,-2.841,2
210,Point,,1,55.984,-2.898,2
89,Point,,48,55.915,0.09,1
89,Point,,49,55.915,1.29,1
117,Point,,24,55.836,3.563,1
89,Point,,50,55.752,2.86,1
89,Point,,53,55.724,5.307,1
89,Point,,54,55.697,6.785,1
223,Point,,26,55.695,7.653,1
89,Point,,47,55.67,-0.88,1
89,Point,,55,55.643,7.2,1
97,Point,,1,55.643,-4.824,3
216,Point,,37,55.635,18.536,1
89,Point,,51,55.616,3.691,1
89,Point,,46,55.561,-1.111,1
89,Point,,52,55.561,4.476,1
216,Point,,36,55.54,18.187,1
216,Point,,35,55.495,17.799,1
144,Point,,19,55.375,-7.67,2
216,Point,,34,55.311,17.331,1
144,Point,,18,55.297,-7.913,2
89,Point,,45,55.289,-1.249,1
89,Point,,60,55.289,2.86,1
144,Point,,20,55.282,-7.569,2
216,Point,,33,55.263,17.42,1
223,Point,,25,55.198,7.942,1
216,Point,,43,55.116,19.114,1
89,Point,,63,55.072,2.121,1
216,Point,,29,55.072,16.922,1
216,Point,,22,55.053,16.365,1
216,Point,,39,55.042,18.307,1
216,Point,,21,55.006,16.285,1
216,Point,,40,55.006,18.466,1
223,Point,,39,55.005,11.137,1
216,Point,,32,55.002,17.47,1
216,Point,,41,54.983,18.546,1
216,Point,,42,54.976,18.815,1
89,Point,,56,54.963,7.154,1
89,Point,,67,54.963,-0.279,1
216,Point,,31,54.958,17.41,1
89,Point,,65,54.936,0.459,1
216,Point,,20,54.936,16.225,1
216,Point,,44,54.906,18.177,1
216,Point,,19,54.902,15.857,1
216,Point,,38,54.902,18.157,1
216,Point,,26,54.888,16.713,1
216,Point,,25,54.88,16.643,1
223,Point,,24,54.872,7.875,1
216,Point,,30,54.855,17.46,1
216,Point,,45,54.855,18.606,1
216,Point,,48,54.836,19.313,1
216,Point,,18,54.818,16.036,1
117,Point,,23,54.811,3.387,1
216,Point,,46,54.807,18.546,1
89,Point,,59,54.8,4.892,1
89,Point,,64,54.8,1.244,1
89,Point,,66,54.8,0.136,1
89,Point,,68,54.8,-1.249,1
223,Point,,34,54.793,13.1,1
216,Point,,47,54.77,18.685,1
216,Point,,17,54.766,15.289,1
216,Point,,28,54.748,17.012,1
89,Point,,136,54.745,-4.204,1
216,Point,,27,54.737,16.882,1
216,Point,,16,54.729,15.936,1
216,Point,,15,54.711,15.787,1
216,Point,,24,54.696,16.653,1
216,Point,,49,54.696,18.785,1
216,Point,,14,54.689,15.647,1
216,Point,,50,54.689,18.835,1
89,Point,,58,54.664,5.538,1
216,Point,,13,54.656,15.588,1
216,Point,,23,54.652,16.394,1
216,Point,,11,54.645,15.936,1
89,Point,,61,54.636,3.46,1
89,Point,,137,54.636,-3.789,1
216,Point,,12,54.626,16.076,1
89,Point,,57,54.609,6.323,1
223,Point,,36,54.605,12.432,1
216,Point,,10,54.571,15.827,1
132,Point,,1,54.57,-2.47,1
216,Point,,9,54.564,15.428,1
223,Point,,40,54.561,10.901,1
89,Point,,62,54.555,2.768,1
216,Point,,51,54.534,18.964,1
216,Point,,8,54.53,15.996,1
223,Point,,23,54.513,8.032,1
216,Point,,54,54.512,19.363,1
216,Point,,52,54.501,19.223,1
216,Point,,53,54.501,19.273,1
223,Point,,42,54.498,10.234,1
216,Point,,7,54.468,15.787,1
223,Point,,41,54.462,10.736,1
216,Point,,6,54.457,15.618,1
216,Point,,60,54.449,19.313,1
216,Point,,5,54.442,16.096,1
216,Point,,2,54.435,15.149,1
216,Point,,57,54.435,19.133,1
216,Point,,56,54.42,19.064,1
216,Point,,59,54.409,19.283,1
216,Point,,55,54.394,18.994,1
216,Point,,3,54.387,15.568,1
216,Point,,4,54.387,15.787,1
216,Point,,58,54.379,19.243,1
89,Point,,135,54.364,-4.989,1
89,Point,,139,54.337,-3.696,1
216,Point,,1,54.328,15.08,1
223,Point,,37,54.327,11.931,1
223,Point,,35,54.319,12.895,1
89,Point,,138,54.31,-3.835,1
89,Point,,69,54.283,0.505,1
223,Point,,38,54.262,11.555,1
89,Point,,142,54.201,-4.066,1
163,Point,,3,54.19,12.098,1
173,Point,,3,54.19,12.098,1
176,Point,,3,54.19,12.098,1
163,Point,,2,54.188,12.088,1
173,Point,,2,54.188,12.088,1
176,Point,,2,54.188,12.088,1
80,Point,,1,54.185,7.892,2
217,Point,,1,54.183,7.889,1
185,Point,,1,54.179,12.088,2
163,Point,,1,54.148,11.849,1
173,Point,,1,54.148,11.849,1
176,Point,,1,54.148,11.849,1
89,Point,,140,54.147,-3.465,1
164,Point,,2,54.146,11.843,1
164,Point,,1,54.141,12.089,1
163,Point,,4,54.114,12.102,1
173,Point,,4,54.114,12.102,1
176,Point,,4,54.114,12.102,1
163,Point,,5,54.106,12.16,1
173,Point,,5,54.106,12.16,1
176,Point,,5,54.106,12.16,1
89,Point,,134,54.092,-5.312,1
89,Point,,72,54.065,1.937,1
223,Point,,22,54.057,8.349,1
89,Point,,70,53.984,0.182,1
89,Point,,71,53.984,1.198,1
89,Point,,141,53.984,-3.696,1
223,Point,,21,53.921,7.905,1
223,Point,,20,53.92,7.787,1
117,Point,,22,53.913,3.185,1
89,Point,,75,53.875,4.569,1
223,Point,,19,53.856,7.346,1
89,Point,,73,53.848,2.583,1
117,Point,,1,53.825,7.767,1
89,Point,,74,53.821,3.322,1
223,Point,,18,53.796,7.007,1
117,Point,,2,53.795,7.349,1
89,Point,,76,53.793,5.307,1
117,Point,,3,53.745,6.898,1
89,Point,,133,53.739,-5.682,1
223,Point,,17,53.721,6.703,1
117,Point,,4,53.718,6.677,1
89,Point,,132,53.657,-5.912,1
117,Point,,5,53.651,6.331,1
117,Point,,6,53.613,6.004,1
144,Point,,17,53.58,-10.16,2
117,Point,,7,53.551,5.583,1
144,Point,,16,53.537,-10.376,2
223,Point,,6,53.537,1.053,1
116,Point,,3,53.532,3.057,1
223,Point,,3,53.532,1.057,1
89,Point,,77,53.521,2.26,1
117,Point,,8,53.475,5.182,1
144,Point,,15,53.451,-10.187,2
144,Point,,14,53.402,-10.099,2
89,Point,,78,53.385,2.445,1
144,Point,,13,53.38,-9.978,2
117,Point,,9,53.305,4.805,1
144,Point,,12,53.295,-9.843,2
89,Point,,131,53.222,-5.912,1
117,Point,,10,53.142,4.602,1
89,Point,,79,53.113,0.459,1
89,Point,,86,53.113,0.552,1
144,Point,,11,53.074,-9.323,2
140,Point,,1,53.068,4.725,3
148,Point,,4,53.001,-9.423,3
148,Point,,1,53,0.685,3
117,Point,,21,52.978,3.228,1
117,Point,,11,52.917,4.432,1
144,Point,,10,52.882,-9.431,2
89,Point,,80,52.841,2.768,1
89,Point,,81,52.76,3.368,1
89,Point,,82,52.733,4.199,1
89,Point,,128,52.569,-5.774,1
117,Point,,12,52.427,4.348,1
89,Point,,129,52.325,-4.989,1
89,Point,,127,52.297,-6.051,1
223,Point,,8,52.281,2.467,1
89,Point,,130,52.27,-4.066,1
117,Point,,13,52.17,4.014,1
89,Point,,112,52.161,-6.744,1
89,Point,,126,52.161,-6.005,1
117,Point,,20,52.15,2.843,1
171,Point,,3,52.139,-9.983,2
89,Point,,125,52.134,-5.635,1
223,Point,,7,52.124,2.5,1
144,Point,,9,52.098,-10.282,2
144,Point,,8,52.084,-10.012,2
89,Point,,111,52.025,-7.528,1
223,Point,,2,51.981,2.082,1
223,Point,,5,51.981,2.073,1
116,Point,,2,51.98,2.082,1
117,Point,,14,51.866,3.626,1
89,Point,,83,51.862,3.691,1
89,Point,,114,51.808,-6.005,1
132,Point,,2,51.79,-10.17,1
144,Point,,7,51.784,-11.172,2
89,Point,,85,51.781,1.752,1
89,Point,,113,51.753,-6.744,1
158,Point,,16,51.744,2.7,1
158,Point,,17,51.68,2.413,1
144,Point,,6,51.678,-10.167,2
89,Point,,84,51.672,2.86,1
89,Point,,109,51.672,-8.36,1
144,Point,,5,51.592,-9.985,2
89,Point,,110,51.59,-7.852,1
117,Point,,19,51.584,2.443,1
158,Point,,15,51.575,2.792,1
189,Point,,2,51.567,2.967,2
117,Point,,15,51.54,3.182,1
89,Point,,123,51.536,-4.85,1
89,Point,,124,51.536,-4.296,1
144,Point,,1,51.535,-8.891,2
144,Point,,2,51.528,-9.026,2
223,Point,,1,51.525,1.024,1
223,Point,,4,51.522,1.018,1
116,Point,,1,51.52,1.024,1
144,Point,,4,51.507,-9.29,2
144,Point,,3,51.499,-9.161,2
89,Point,,122,51.481,-5.358,1
158,Point,,14,51.479,2.448,1
158,Point,,13,51.455,2.347,1
158,Point,,5,51.446,3.239,1
158,Point,,12,51.446,2.608,1
158,Point,,6,51.435,3.14,1
89,Point,,116,51.427,-6.189,1
158,Point,,11,51.427,2.806,1
158,Point,,4,51.368,3.222,1
89,Point,,105,51.345,-8.729,1
158,Point,,3,51.334,3.134,1
158,Point,,10,51.331,2.497,1
158,Point,,8,51.303,2.847,1
223,Point,,15,51.298,3.524,1
89,Point,,115,51.291,-6.605,1
117,Point,,16,51.285,2.515,1
158,Point,,9,51.271,2.608,1
158,Point,,7,51.264,2.905,1
189,Point,,1,51.239,2.921,2
223,Point,,16,51.236,3.176,1
158,Point,,2,51.218,2.849,1
89,Point,,121,51.209,-5.266,1
89,Point,,118,51.182,-5.912,1
158,Point,,1,51.165,2.706,1
223,Point,,14,51.106,-7.597,1
117,Point,,17,51.077,1.903,1
89,Point,,106,51.046,-8.406,1
89,Point,,117,51.046,-6.143,1
89,Point,,108,50.937,-7.621,1
89,Point,,87,50.91,0.782,1
89,Point,,120,50.883,-5.266,1
89,Point,,107,50.801,-8.221,1
89,Point,,88,50.774,-0.141,1
89,Point,,119,50.693,-5.82,1
89,Point,,89,50.665,-3.004,1
89,Point,,104,50.665,-9.006,1
223,Point,,9,50.653,0.584,1
223,Point,,10,50.6,-0.447,1
223,Point,,11,50.59,-1.944,1
132,Point,,3,50.559,-2.448,1
89,Point,,90,50.502,-3.142,1
117,Point,,18,50.497,1.166,1
89,Point,,103,50.475,-8.267,1
210,Point,,4,50.406,-3.554,2
223,Point,,12,50.335,-4.163,1
89,Point,,94,50.257,-4.758,1
152,Point,,9,50.109,-0.999,1
89,Point,,102,49.985,-8.914,1
89,Point,,101,49.931,-8.036,1
89,Point,,91,49.849,-4.204,1
89,Point,,100,49.768,-7.39,1
89,Point,,93,49.632,-4.804,1
89,Point,,99,49.632,-8.036,1
89,Point,,92,49.577,-3.881,1
89,Point,,95,49.496,-6.467,1
89,Point,,98,49.469,-8.775,1
999,Point,,BF-129,49.062,-125.79,1
89,Point,,96,49.033,-8.129,1
89,Point,,97,49.033,-8.914,1
999,Point,,BF-44,48.941,-125.572,1
999,Point,,BF-45,48.941,-125.572,1
999,Point,,BF-46,48.941,-125.572,1
999,Point,,BF-53,48.941,-125.572,1
999,Point,,BF-94,48.941,-125.572,1
999,Point,,BF-95,48.941,-125.572,1
999,Point,,BF-110,48.941,-125.572,1
999,Point,,BF-111,48.941,-125.572,1
999,Point,,BF-179,48.941,-125.572,1
999,Point,,BF-180,48.941,-125.572,1
999,Point,,BF-244,48.941,-125.572,1
999,Point,,BF-245,48.941,-125.572,1
999,Point,,BF-246,48.941,-125.572,1
999,Point,,BF-251,48.925,-125.53,1
999,Point,,BF-83,48.9,-125.384,1
999,Point,,BF-340,48.863,-125.36,1
999,Point,,BF-77,48.6,-124.8,1
223,Point,,13,48.412,-10.574,1
108,Point,,2,48.375,4.478,1
108,Point,,1,48.346,4.495,1
999,Point,,BF-78,48.319,-124.667,1
999,Point,,BF-8,48.2,-123.6,1
999,Point,,BF-9,48.2,-123.6,1
999,Point,,BF-10,48.2,-123.6,1
999,Point,,BF-13,48.2,-123.6,1
999,Point,,BF-37,48.2,-123.6,1
999,Point,,BF-71,48.2,-123.6,1
999,Point,,BF-591,48.2,-123.6,1
177,Point,,1,48.141,-9.111,2
177,Point,,2,48.13,-8.807,2
999,Point,,BF-366,48.039,-124.683,1
152,Point,,8,47.898,-5.805,1
999,Point,,BF-338,47.884,-124.616,1
999,Point,,BF-341,47.884,-124.616,1
999,Point,,BF-342,47.884,-124.616,1
999,Point,,BF-301,47.846,-124.551,1
999,Point,,BF-302,47.846,-124.551,1
999,Point,,BF-303,47.846,-124.551,1
999,Point,,BF-330,47.846,-124.551,1
999,Point,,BF-357,47.846,-124.551,1
999,Point,,BF-300,47.834,-124.541,1
999,Point,,BF-131,47.727,-124.051,1
999,Point,,BF-477,47.7,-124.5,1
999,Point,,BF-478,47.7,-124.5,1
999,Point,,BF-479,47.7,-124.5,1
999,Point,,BF-480,47.7,-124.5,1
999,Point,,BF-401,47.605,-124.375,1
999,Point,,BF-403,47.605,-124.375,1
999,Point,,BF-230,47.602,-124.373,1
177,Point,,3,47.6,-7.664,2
999,Point,,BF-532,47.591,-124.368,1
177,Point,,4,47.578,-7.309,2
177,Point,,5,47.535,-7.36,2
999,Point,,BF-322,47.535,-124.353,1
999,Point,,BF-339,47.535,-124.353,1
999,Point,,BF-358,47.535,-124.353,1
999,Point,,BF-426,47.535,-124.353,1
999,Point,,BF-429,47.535,-124.353,1
999,Point,,BF-430,47.535,-124.353,1
999,Point,,BF-463,47.535,-124.353,1
999,Point,,BF-510,47.531,-124.353,1
999,Point,,BF-511,47.531,-124.353,1
999,Point,,BF-512,47.531,-124.353,1
999,Point,,BF-464,47.521,-124.351,1
999,Point,,BF-465,47.521,-124.351,1
999,Point,,BF-469,47.521,-124.351,1
999,Point,,BF-470,47.521,-124.351,1
999,Point,,BF-471,47.521,-124.351,1
999,Point,,BF-472,47.521,-124.351,1
999,Point,,BF-473,47.521,-124.351,1
999,Point,,BF-474,47.521,-124.351,1
999,Point,,BF-475,47.521,-124.351,1
999,Point,,BF-617,47.521,-124.351,1
177,Point,,9,47.449,-5.836,2
999,Point,,BF-197,47.4,-124.3,1
177,Point,,6,47.351,-6.611,2
177,Point,,7,47.351,-6.446,2
999,Point,,BF-396,47.304,-124.296,1
999,Point,,BF-554,47.304,-124.296,1
177,Point,,8,47.254,-6.408,2
999,Point,,BF-316,47.236,-124.218,1
999,Point,,BF-317,47.236,-124.218,1
999,Point,,BF-318,47.236,-124.218,1
999,Point,,BF-350,47.236,-124.218,1
999,Point,,BF-353,47.236,-124.218,1
999,Point,,BF-355,47.236,-124.218,1
999,Point,,BF-449,47.236,-124.218,1
999,Point,,BF-482,47.175,-124.198,1
999,Point,,BF-631,47.175,-124.198,1
207,Point,,14,47.16,154.716,1
999,Point,,BF-349,47.112,-124.183,1
999,Point,,BF-455,47.112,-124.183,1
177,Point,,10,47.092,-5.722,2
999,Point,,BF-22,47.033,-124.174,1
999,Point,,BF-226,47.033,-124.174,1
999,Point,,BF-177,46.984,-124.175,1
999,Point,,BF-255,46.973,-124.158,1
999,Point,,BF-323,46.973,-124.158,1
999,Point,,BF-365,46.973,-124.158,1
999,Point,,BF-459,46.973,-124.158,1
999,Point,,BF-460,46.973,-124.158,1
999,Point,,BF-12,46.9,-124.1,1
999,Point,,BF-229,46.9,-124.1,1
999,Point,,BF-134,46.865,-124.119,1
207,Point,,13,46.864,154.541,1
999,Point,,BF-63,46.818,-124.104,1
999,Point,,BF-321,46.818,-124.104,1
177,Point,,12,46.778,-5.126,2
177,Point,,11,46.746,-5.633,2
999,Point,,BF-97,46.719,-124.102,1
177,Point,,13,46.714,-4.427,2
999,Point,,BF-292,46.705,-123.975,1
201,Point,,47,46.676,-125.81,2
999,Point,,BF-485,46.631,-124.071,1
999,Point,,BF-486,46.631,-124.071,1
999,Point,,BF-487,46.631,-124.071,1
999,Point,,BF-488,46.631,-124.071,1
999,Point,,BF-493,46.631,-124.071,1
999,Point,,BF-140,46.615,-124.057,1
999,Point,,BF-594,46.615,-124.057,1
999,Point,,BF-595,46.615,-124.057,1
999,Point,,BF-598,46.615,-124.057,1
999,Point,,BF-605,46.615,-124.057,1
999,Point,,BF-609,46.615,-124.057,1
999,Point,,BF-610,46.615,-124.057,1
999,Point,,BF-612,46.615,-124.057,1
999,Point,,BF-613,46.615,-124.057,1
999,Point,,BF-619,46.615,-124.057,1
999,Point,,BF-621,46.615,-124.057,1
999,Point,,BF-622,46.615,-124.057,1
999,Point,,BF-623,46.615,-124.057,1
999,Point,,BF-647,46.615,-124.057,1
999,Point,,BF-468,46.595,-124.067,1
177,Point,,14,46.584,-4.757,2
82,Point,,1,46.57,-124.063,1
82,Point,,8,46.55,-124.025,1
999,Point,,BF-615,46.549,-124.062,1
999,Point,,BF-264,46.548,-124.062,1
999,Point,,BF-281,46.548,-124.062,1
999,Point,,BF-282,46.548,-124.062,1
999,Point,,BF-283,46.548,-124.062,1
999,Point,,BF-327,46.548,-124.062,1
999,Point,,BF-331,46.548,-124.062,1
999,Point,,BF-362,46.548,-124.062,1
999,Point,,BF-363,46.548,-124.062,1
999,Point,,BF-364,46.548,-124.062,1
999,Point,,BF-367,46.548,-124.062,1
999,Point,,BF-420,46.548,-124.062,1
999,Point,,BF-428,46.548,-124.062,1
999,Point,,BF-597,46.507,-124.061,1
999,Point,,BF-222,46.502,-124.06,1
999,Point,,BF-608,46.49,-124.06,1
999,Point,,BF-397,46.466,-124.06,1
999,Point,,BF-611,46.414,-124.059,1
999,Point,,BF-40,46.4,-124.1,1
999,Point,,BF-141,46.4,-124.1,1
999,Point,,BF-168,46.4,-124.1,1
999,Point,,BF-170,46.4,-124.1,1
999,Point,,BF-181,46.4,-124.1,1
999,Point,,BF-182,46.4,-124.1,1
999,Point,,BF-183,46.4,-124.1,1
999,Point,,BF-184,46.4,-124.1,1
999,Point,,BF-203,46.4,-124.1,1
999,Point,,BF-227,46.4,-124.1,1
999,Point,,BF-228,46.4,-124.1,1
999,Point,,BF-284,46.4,-124.1,1
999,Point,,BF-285,46.4,-124.1,1
999,Point,,BF-286,46.4,-124.1,1
999,Point,,BF-287,46.4,-124.1,1
999,Point,,BF-295,46.4,-124.1,1
999,Point,,BF-299,46.4,-124.1,1
999,Point,,BF-328,46.4,-124.1,1
999,Point,,BF-332,46.4,-124.1,1
999,Point,,BF-334,46.4,-124.1,1
999,Point,,BF-335,46.4,-124.1,1
999,Point,,BF-336,46.4,-124.1,1
999,Point,,BF-337,46.4,-124.1,1
999,Point,,BF-343,46.4,-124.1,1
999,Point,,BF-345,46.4,-124.1,1
999,Point,,BF-352,46.4,-124.1,1
999,Point,,BF-354,46.4,-124.1,1
999,Point,,BF-359,46.4,-124.1,1
999,Point,,BF-360,46.4,-124.1,1
999,Point,,BF-361,46.4,-124.1,1
999,Point,,BF-368,46.4,-124.1,1
999,Point,,BF-369,46.4,-124.1,1
999,Point,,BF-370,46.4,-124.1,1
999,Point,,BF-371,46.4,-124.1,1
999,Point,,BF-372,46.4,-124.1,1
999,Point,,BF-373,46.4,-124.1,1
999,Point,,BF-374,46.4,-124.1,1
999,Point,,BF-375,46.4,-124.1,1
999,Point,,BF-377,46.4,-124.1,1
999,Point,,BF-378,46.4,-124.1,1
999,Point,,BF-379,46.4,-124.1,1
999,Point,,BF-380,46.4,-124.1,1
999,Point,,BF-383,46.4,-124.1,1
999,Point,,BF-384,46.4,-124.1,1
999,Point,,BF-386,46.4,-124.1,1
999,Point,,BF-387,46.4,-124.1,1
999,Point,,BF-388,46.4,-124.1,1
999,Point,,BF-389,46.4,-124.1,1
999,Point,,BF-390,46.4,-124.1,1
999,Point,,BF-391,46.4,-124.1,1
999,Point,,BF-392,46.4,-124.1,1
999,Point,,BF-393,46.4,-124.1,1
999,Point,,BF-395,46.4,-124.1,1
999,Point,,BF-398,46.4,-124.1,1
999,Point,,BF-400,46.4,-124.1,1
999,Point,,BF-405,46.4,-124.1,1
999,Point,,BF-407,46.4,-124.1,1
999,Point,,BF-408,46.4,-124.1,1
999,Point,,BF-409,46.4,-124.1,1
999,Point,,BF-411,46.4,-124.1,1
999,Point,,BF-412,46.4,-124.1,1
999,Point,,BF-413,46.4,-124.1,1
999,Point,,BF-414,46.4,-124.1,1
999,Point,,BF-415,46.4,-124.1,1
999,Point,,BF-418,46.4,-124.1,1
999,Point,,BF-436,46.4,-124.1,1
999,Point,,BF-437,46.4,-124.1,1
999,Point,,BF-438,46.4,-124.1,1
999,Point,,BF-439,46.4,-124.1,1
999,Point,,BF-442,46.4,-124.1,1
999,Point,,BF-443,46.4,-124.1,1
999,Point,,BF-444,46.4,-124.1,1
999,Point,,BF-445,46.4,-124.1,1
999,Point,,BF-446,46.4,-124.1,1
999,Point,,BF-447,46.4,-124.1,1
999,Point,,BF-448,46.4,-124.1,1
999,Point,,BF-452,46.4,-124.1,1
999,Point,,BF-454,46.4,-124.1,1
999,Point,,BF-458,46.4,-124.1,1
999,Point,,BF-462,46.4,-124.1,1
999,Point,,BF-467,46.4,-124.1,1
999,Point,,BF-476,46.4,-124.1,1
999,Point,,BF-481,46.4,-124.1,1
999,Point,,BF-496,46.4,-124.1,1
999,Point,,BF-498,46.4,-124.1,1
999,Point,,BF-499,46.4,-124.1,1
999,Point,,BF-500,46.4,-124.1,1
999,Point,,BF-501,46.4,-124.1,1
999,Point,,BF-502,46.4,-124.1,1
999,Point,,BF-503,46.4,-124.1,1
999,Point,,BF-505,46.4,-124.1,1
999,Point,,BF-506,46.4,-124.1,1
999,Point,,BF-509,46.4,-124.1,1
999,Point,,BF-518,46.4,-124.1,1
999,Point,,BF-519,46.4,-124.1,1
999,Point,,BF-534,46.4,-124.1,1
999,Point,,BF-535,46.4,-124.1,1
999,Point,,BF-536,46.4,-124.1,1
999,Point,,BF-541,46.4,-124.1,1
999,Point,,BF-542,46.4,-124.1,1
999,Point,,BF-547,46.4,-124.1,1
999,Point,,BF-548,46.4,-124.1,1
999,Point,,BF-549,46.4,-124.1,1
999,Point,,BF-550,46.4,-124.1,1
999,Point,,BF-551,46.4,-124.1,1
999,Point,,BF-553,46.4,-124.1,1
999,Point,,BF-563,46.4,-124.1,1
999,Point,,BF-564,46.4,-124.1,1
999,Point,,BF-565,46.4,-124.1,1
999,Point,,BF-566,46.4,-124.1,1
999,Point,,BF-567,46.4,-124.1,1
999,Point,,BF-571,46.4,-124.1,1
999,Point,,BF-572,46.4,-124.1,1
999,Point,,BF-575,46.4,-124.1,1
999,Point,,BF-576,46.4,-124.1,1
999,Point,,BF-577,46.4,-124.1,1
999,Point,,BF-578,46.4,-124.1,1
999,Point,,BF-579,46.4,-124.1,1
999,Point,,BF-580,46.4,-124.1,1
999,Point,,BF-581,46.4,-124.1,1
999,Point,,BF-582,46.4,-124.1,1
999,Point,,BF-583,46.4,-124.1,1
999,Point,,BF-585,46.4,-124.1,1
999,Point,,BF-586,46.4,-124.1,1
999,Point,,BF-587,46.4,-124.1,1
999,Point,,BF-588,46.4,-124.1,1
999,Point,,BF-593,46.4,-124.1,1
999,Point,,BF-599,46.4,-124.1,1
999,Point,,BF-604,46.4,-124.1,1
999,Point,,BF-606,46.4,-124.1,1
999,Point,,BF-607,46.4,-124.1,1
999,Point,,BF-616,46.4,-124.1,1
999,Point,,BF-618,46.4,-124.1,1
999,Point,,BF-625,46.4,-124.1,1
999,Point,,BF-639,46.4,-124.1,1
999,Point,,BF-641,46.4,-124.1,1
999,Point,,BF-642,46.4,-124.1,1
999,Point,,BF-643,46.4,-124.1,1
999,Point,,BF-645,46.4,-124.1,1
999,Point,,BF-650,46.4,-124.1,1
999,Point,,BF-435,46.371,-124.064,1
82,Point,,3,46.35,-124.055,1
999,Point,,BF-223,46.346,-124.066,1
999,Point,,BF-224,46.346,-124.066,1
999,Point,,BF-376,46.335,-124.067,1
999,Point,,BF-402,46.335,-124.067,1
999,Point,,BF-293,46.304,-124.075,1
999,Point,,BF-603,46.304,-124.075,1
999,Point,,BF-2,46.3,-124.1,1
999,Point,,BF-346,46.28,-124.059,1
999,Point,,BF-406,46.28,-124.059,1
177,Point,,15,46.216,-4.402,2
999,Point,,BF-18,46.2,-123.9,1
999,Point,,BF-29,46.2,-123.9,1
999,Point,,BF-58,46.2,-123.9,1
201,Point,,48,46.177,-125.257,2
207,Point,,12,46.074,155.555,1
999,Point,,BF-130,46.051,-123.932,1
999,Point,,BF-39,45.885,-123.995,1
999,Point,,BF-508,45.817,-123.979,1
177,Point,,16,45.73,-3.767,2
999,Point,,BF-457,45.718,-123.942,1
999,Point,,BF-569,45.718,-123.942,1
999,Point,,BF-570,45.718,-123.942,1
999,Point,,BF-636,45.718,-123.942,1
999,Point,,BF-646,45.718,-123.942,1
999,Point,,BF-200,45.699,-123.94,1
177,Point,,17,45.611,-3.399,2
999,Point,,BF-171,45.56,-123.952,1
999,Point,,BF-289,45.56,-123.952,1
999,Point,,BF-290,45.56,-123.952,1
999,Point,,BF-291,45.56,-123.952,1
999,Point,,BF-514,45.56,-123.952,1
999,Point,,BF-516,45.56,-123.952,1
219,Point,,6,45.557,13.69,2
219,Point,,5,45.555,13.628,2
219,Point,,4,45.545,13.567,2
999,Point,,BF-89,45.52,-123.953,1
999,Point,,BF-507,45.52,-123.953,1
999,Point,,BF-520,45.52,-123.953,1
201,Point,,46,45.512,-126.759,2
999,Point,,BF-60,45.506,-123.94,1
219,Point,,3,45.506,13.546,2
999,Point,,BF-160,45.504,-123.959,1
219,Point,,2,45.495,13.58,2
219,Point,,1,45.491,13.569,2
999,Point,,BF-241,45.489,-123.971,1
999,Point,,BF-259,45.488,-123.881,1
999,Point,,BF-233,45.435,-123.953,1
226,Point,,1,45.41,12.37,1
999,Point,,BF-188,45.366,-123.972,1
999,Point,,BF-189,45.366,-123.972,1
999,Point,,BF-190,45.366,-123.972,1
999,Point,,BF-191,45.366,-123.972,1
999,Point,,BF-192,45.366,-123.972,1
999,Point,,BF-193,45.366,-123.972,1
999,Point,,BF-217,45.366,-123.972,1
999,Point,,BF-218,45.366,-123.972,1
999,Point,,BF-219,45.366,-123.972,1
999,Point,,BF-221,45.366,-123.972,1
999,Point,,BF-483,45.364,-123.971,1
152,Point,,7,45.326,-7.976,1
999,Point,,BF-198,45.292,-123.965,1
152,Point,,6,45.12,-8.143,1
83,Point,,7,45.105,13.47,1
999,Point,,BF-43,45.041,-124.006,1
999,Point,,BF-305,45.041,-124.006,1
999,Point,,BF-533,45.011,-124.009,1
999,Point,,BF-280,45.008,-124.01,1
999,Point,,BF-3,44.957,-124.025,1
999,Point,,BF-30,44.957,-124.025,1
999,Point,,BF-42,44.957,-124.025,1
83,Point,,8,44.921,12.711,1
999,Point,,BF-23,44.882,-124.037,1
152,Point,,5,44.851,-8.392,1
82,Point,,2,44.752,-124.066,1
999,Point,,BF-466,44.748,-124.066,1
999,Point,,BF-163,44.747,-124.068,1
999,Point,,BF-164,44.747,-124.068,1
999,Point,,BF-288,44.729,-124.06,1
999,Point,,BF-440,44.729,-124.06,1
152,Point,,4,44.7,-8.517,1
999,Point,,BF-55,44.7,-124.083,1
999,Point,,BF-265,44.7,-124.083,1
999,Point,,BF-266,44.7,-124.083,1
999,Point,,BF-267,44.7,-124.083,1
999,Point,,BF-269,44.7,-124.083,1
999,Point,,BF-271,44.7,-124.083,1
999,Point,,BF-272,44.7,-124.083,1
999,Point,,BF-546,44.7,-124.083,1
999,Point,,BF-589,44.7,-124.083,1
999,Point,,BF-614,44.7,-124.083,1
999,Point,,BF-635,44.7,-124.083,1
999,Point,,BF-637,44.7,-124.083,1
999,Point,,BF-649,44.7,-124.083,1
999,Point,,BF-624,44.683,-124.071,1
999,Point,,BF-64,44.675,-124.094,1
999,Point,,BF-1,44.664,-124.063,1
999,Point,,BF-126,44.664,-124.063,1
999,Point,,BF-640,44.664,-124.063,1
999,Point,,BF-47,44.642,-124.08,1
999,Point,,BF-48,44.642,-124.08,1
999,Point,,BF-59,44.642,-124.08,1
999,Point,,BF-61,44.642,-124.08,1
999,Point,,BF-451,44.642,-124.08,1
999,Point,,BF-521,44.642,-124.08,1
999,Point,,BF-651,44.642,-124.08,1
999,Point,,BF-304,44.639,-124.076,1
82,Point,,4,44.638,-124.063,1
999,Point,,BF-410,44.638,-124.065,1
999,Point,,BF-417,44.634,-124.44,1
152,Point,,3,44.627,-8.569,1
153,Point,,1,44.625,-124.067,3
999,Point,,BF-174,44.624,-124.045,1
82,Point,,7,44.622,-124.063,1
999,Point,,BF-161,44.617,-124.07,1
999,Point,,BF-24,44.612,-124.071,1
999,Point,,BF-56,44.612,-124.071,1
999,Point,,BF-57,44.612,-124.071,1
999,Point,,BF-234,44.612,-124.071,1
999,Point,,BF-274,44.612,-124.071,1
999,Point,,BF-416,44.612,-124.071,1
999,Point,,BF-522,44.612,-124.071,1
999,Point,,BF-628,44.612,-124.071,1
999,Point,,BF-629,44.612,-124.071,1
999,Point,,BF-630,44.612,-124.071,1
999,Point,,BF-634,44.612,-124.071,1
83,Point,,9,44.606,12.572,1
999,Point,,BF-202,44.58,-124.069,1
999,Point,,BF-254,44.578,-124.071,1
999,Point,,BF-172,44.553,-124.074,1
999,Point,,BF-173,44.553,-124.074,1
999,Point,,BF-176,44.553,-124.074,1
999,Point,,BF-186,44.553,-124.074,1
999,Point,,BF-65,44.551,-124.075,1
999,Point,,BF-66,44.551,-124.075,1
999,Point,,BF-125,44.551,-124.075,1
999,Point,,BF-136,44.551,-124.075,1
999,Point,,BF-137,44.551,-124.075,1
999,Point,,BF-157,44.551,-124.075,1
82,Point,,5,44.545,-124.073,1
999,Point,,BF-201,44.526,-124.076,1
999,Point,,BF-277,44.501,-124.084,1
999,Point,,BF-258,44.483,-124.084,1
999,Point,,BF-347,44.483,-124.084,1
999,Point,,BF-348,44.483,-124.084,1
999,Point,,BF-356,44.483,-124.084,1
999,Point,,BF-531,44.483,-124.084,1
999,Point,,BF-543,44.483,-124.084,1
999,Point,,BF-544,44.483,-124.084,1
999,Point,,BF-632,44.483,-124.084,1
82,Point,,6,44.482,-124.085,1
999,Point,,BF-4,44.437,-124.09,1
999,Point,,BF-196,44.419,-124.083,1
105,Point,,1,44.417,8.75,1
105,Point,,2,44.417,8.75,1
105,Point,,3,44.4,8.767,1
105,Point,,4,44.4,8.767,1
105,Point,,5,44.4,8.767,1
999,Point,,BF-7,44.4,-125.2,1
177,Point,,18,44.335,-2.371,2
999,Point,,BF-525,44.31,-124.108,1
999,Point,,BF-344,44.302,-124.111,1
999,Point,,BF-135,44.3,-124.1,1
999,Point,,BF-225,44.26,-124.112,1
86,Point,,1,44.253,-1.375,2
999,Point,,BF-596,44.245,-124.113,1
999,Point,,BF-212,44.2,-124.1,1
100,Point,,4,44.195,9.364,1
201,Point,,45,44.183,-127.312,2
999,Point,,BF-573,44.138,-124.126,1
999,Point,,BF-574,44.138,-124.126,1
159,Point,,1,44.123,15.212,3
999,Point,,BF-36,44.012,-124.113,1
100,Point,,3,43.977,9.221,1
105,Point,,8,43.933,13.967,1
83,Point,,10,43.923,12.6,1
105,Point,,9,43.917,12.883,1
105,Point,,10,43.917,12.883,1
105,Point,,11,43.917,12.883,1
105,Point,,12,43.917,12.883,1
109,Point,,16,43.884,8.099,2
105,Point,,14,43.883,12.967,1
105,Point,,13,43.867,13,1
999,Point,,BF-210,43.853,-124.16,1
100,Point,,2,43.847,9.106,1
105,Point,,6,43.817,13.05,1
105,Point,,7,43.817,13.05,1
999,Point,,BF-215,43.816,-124.168,1
999,Point,,BF-216,43.816,-124.168,1
109,Point,,15,43.772,7.45,2
83,Point,,11,43.726,12.835,1
100,Point,,5,43.705,9.682,1
207,Point,,11,43.704,157.336,1
999,Point,,BF-199,43.691,-124.2,1
201,Point,,44,43.684,-127.628,2
999,Point,,BF-545,43.669,-124.207,1
999,Point,,BF-537,43.658,-124.21,1
109,Point,,13,43.631,7.101,2
87,Point,,10,43.63,-5.81,1
114,Point,,16,43.62,-134.657,1
87,Point,,9,43.6,-5.92,1
87,Point,,8,43.59,-5.94,1
87,Point,,7,43.58,-5.95,1
87,Point,,5,43.57,-6.29,1
87,Point,,6,43.57,-6.04,1
87,Point,,11,43.57,-5.72,1
87,Point,,4,43.56,-6.62,1
87,Point,,2,43.55,-6.99,1
87,Point,,3,43.55,-6.72,1
87,Point,,1,43.54,-7.02,2
207,Point,,10,43.531,157.336,1
87,Point,,12,43.53,-5.38,1
201,Point,,40,43.518,-124.545,2
999,Point,,BF-526,43.495,-124.259,1
87,Point,,13,43.47,-5.07,1
109,Point,,14,43.462,7.6,2
999,Point,,BF-28,43.454,-124.278,1
87,Point,,14,43.43,-4.78,1
999,Point,,BF-50,43.415,-124.28,1
999,Point,,BF-51,43.415,-124.28,1
999,Point,,BF-52,43.415,-124.28,1
87,Point,,15,43.41,-4.71,1
999,Point,,BF-82,43.4,-124.3,1
999,Point,,BF-165,43.4,-124.1,1
100,Point,,6,43.382,9.465,1
201,Point,,43,43.352,-127.549,2
999,Point,,BF-207,43.345,-124.324,1
999,Point,,BF-38,43.343,-124.384,1
999,Point,,BF-108,43.34,-124.367,1
999,Point,,BF-109,43.34,-124.367,1
100,Point,,7,43.328,9.627,1
999,Point,,BF-67,43.309,-124.399,1
999,Point,,BF-120,43.309,-124.399,1
999,Point,,BF-121,43.309,-124.399,1
999,Point,,BF-123,43.309,-124.399,1
999,Point,,BF-150,43.309,-124.399,1
999,Point,,BF-208,43.309,-124.399,1
999,Point,,BF-247,43.309,-124.399,1
207,Point,,9,43.309,153.948,1
999,Point,,BF-118,43.302,-124.395,1
999,Point,,BF-159,43.302,-124.395,1
999,Point,,BF-309,43.302,-124.395,1
109,Point,,12,43.264,7.051,2
100,Point,,8,43.261,9.843,1
151,Point,,1,43.254,6.939,1
999,Point,,BF-73,43.217,-124.414,1
999,Point,,BF-74,43.217,-124.414,1
999,Point,,BF-107,43.217,-124.414,1
109,Point,,9,43.208,5.405,2
999,Point,,BF-296,43.146,-124.417,1
999,Point,,BF-297,43.146,-124.417,1
999,Point,,BF-298,43.146,-124.417,1
100,Point,,9,43.135,10.193,1
999,Point,,BF-79,43.112,-124.451,1
999,Point,,BF-80,43.112,-124.451,1
999,Point,,BF-81,43.112,-124.451,1
999,Point,,BF-103,43.112,-124.451,1
999,Point,,BF-104,43.112,-124.451,1
999,Point,,BF-105,43.112,-124.451,1
999,Point,,BF-128,43.112,-124.451,1
999,Point,,BF-262,43.112,-124.451,1
999,Point,,BF-422,43.112,-124.451,1
999,Point,,BF-456,43.112,-124.451,1
999,Point,,BF-495,43.112,-124.451,1
999,Point,,BF-561,43.112,-124.451,1
109,Point,,18,43.095,10.044,2
999,Point,,BF-515,43.087,-124.435,1
999,Point,,BF-556,43.087,-124.435,1
999,Point,,BF-592,43.087,-124.435,1
999,Point,,BF-441,43.086,-124.437,1
999,Point,,BF-263,43.082,-124.435,1
109,Point,,10,43.067,5.854,2
109,Point,,11,43.067,6.253,2
162,Point,,1,42.998,144.794,2
109,Point,,17,42.983,9.096,2
100,Point,,1,42.98,8.784,1
202,Point,,4,42.952,10.2709677,2
198,Point,,1,42.939,15.479,3
201,Point,,42,42.936,-127.787,2
83,Point,,6,42.873,16.178,1
999,Point,,BF-538,42.855,-124.544,1
109,Point,,19,42.842,9.196,2
999,Point,,BF-106,42.838,-124.582,1
999,Point,,BF-214,42.838,-124.582,1
999,Point,,BF-517,42.829,-124.551,1
112,Point,,3,42.812,10.482,1
201,Point,,39,42.77,-124.704,2
207,Point,,8,42.765,152.969,1
999,Point,,BF-527,42.736,-124.478,1
999,Point,,BF-528,42.736,-124.478,1
999,Point,,BF-529,42.736,-124.478,1
999,Point,,BF-530,42.736,-124.478,1
192,Point,,1,42.73,10.156,1
212,Point,,1,42.727,10.16,1
143,Point,,16,42.712,-128.343,2
999,Point,,BF-260,42.712,-124.461,1
999,Point,,BF-232,42.687,-124.448,1
143,Point,,89,42.508,-128.343,2
999,Point,,BF-114,42.486,-124.486,1
93,Point,,1,42.481,3.136,2
999,Point,,BF-423,42.451,-124.428,1
109,Point,,7,42.447,3.26,2
201,Point,,41,42.438,-127.945,2
999,Point,,BF-424,42.422,-124.431,1
999,Point,,BF-425,42.422,-124.431,1
999,Point,,BF-86,42.386,-124.424,1
999,Point,,BF-261,42.386,-124.424,1
999,Point,,BF-404,42.386,-124.424,1
999,Point,,BF-433,42.386,-124.424,1
109,Point,,8,42.363,3.609,2
999,Point,,BF-513,42.362,-124.424,1
83,Point,,5,42.348,17.518,1
136,Point,,1,42.333,3.319,3
999,Point,,BF-524,42.306,-124.411,1
999,Point,,BF-119,42.279,-124.408,1
999,Point,,BF-231,42.279,-124.408,1
999,Point,,BF-494,42.279,-124.408,1
999,Point,,BF-523,42.279,-124.408,1
999,Point,,BF-562,42.279,-124.408,1
201,Point,,38,42.271,-124.15,2
112,Point,,2,42.264,3.398,1
999,Point,,BF-116,42.252,-124.431,1
999,Point,,BF-124,42.252,-124.431,1
999,Point,,BF-127,42.252,-124.431,1
999,Point,,BF-557,42.252,-124.431,1
999,Point,,BF-558,42.252,-124.431,1
999,Point,,BF-559,42.252,-124.431,1
999,Point,,BF-560,42.252,-124.431,1
999,Point,,BF-590,42.252,-124.431,1
999,Point,,BF-601,42.252,-124.431,1
999,Point,,BF-602,42.252,-124.431,1
999,Point,,BF-648,42.252,-124.431,1
999,Point,,BF-167,42.25,-124.411,1
202,Point,,3,42.238,3.4064516,2
207,Point,,7,42.198,153.983,1
207,Point,,6,42.148,151.712,1
109,Point,,20,42.137,9.845,2
143,Point,,17,42.102,-129.714,2
143,Point,,90,42.102,-129.486,2
999,Point,,BF-117,42.098,-124.36,1
999,Point,,BF-306,42.052,-124.3,1
114,Point,,15,42.018,-139.286,1
135,Point,,1,41.952,3.271,3
207,Point,,5,41.951,151.747,1
109,Point,,21,41.912,10.293,2
152,Point,,2,41.763,-9.736,1
83,Point,,4,41.718,18.306,1
111,Point,,1,41.483,17.497,1
114,Point,,6,41.424,-155.657,1
109,Point,,22,41.32,9.246,2
198,Point,,2,41.32,18.621,3
109,Point,,6,41.264,2.412,2
999,Point,,BF-250,41.225,-124.108,1
114,Point,,7,41.187,-154.2,1
105,Point,,15,41.117,16.95,1
105,Point,,16,41.117,16.95,1
151,Point,,2,41.033,3.647,1
114,Point,,5,40.95,-156.171,1
207,Point,,4,40.914,150.07,1
115,Point,,5,40.794,-155.14,1
204,Point,,4,40.756,14.14,1
114,Point,,8,40.712,-153.171,1
204,Point,,3,40.697,14.037,1
85,Point,,1,40.693,14.196,2
204,Point,,1,40.689,13.898,1
204,Point,,2,40.689,13.912,1
109,Point,,32,40.672,14.184,2
204,Point,,6,40.605,14.528,1
109,Point,,31,40.587,13.686,2
204,Point,,5,40.575,14.428,1
201,Point,,37,40.526,-125.494,2
151,Point,,3,40.512,2.941,1
218,Point,,55,40.501,17.258,2
218,Point,,56,40.501,17.255,2
218,Point,,57,40.501,17.252,2
218,Point,,58,40.5,17.246,2
218,Point,,53,40.497,17.267,2
218,Point,,54,40.497,17.267,2
218,Point,,52,40.496,17.266,2
218,Point,,59,40.496,17.239,2
218,Point,,51,40.495,17.266,2
218,Point,,60,40.495,17.236,2
218,Point,,49,40.494,17.265,2
218,Point,,50,40.494,17.265,2
218,Point,,48,40.492,17.265,2
218,Point,,47,40.491,17.265,2
218,Point,,46,40.489,17.266,2
218,Point,,45,40.488,17.266,2
218,Point,,44,40.487,17.266,2
218,Point,,33,40.486,17.227,2
218,Point,,34,40.486,17.227,2
218,Point,,35,40.486,17.228,2
218,Point,,36,40.486,17.229,2
218,Point,,37,40.486,17.23,2
218,Point,,38,40.485,17.23,2
218,Point,,39,40.485,17.229,2
218,Point,,40,40.485,17.228,2
218,Point,,32,40.483,17.226,2
218,Point,,43,40.483,17.268,2
218,Point,,31,40.482,17.225,2
218,Point,,41,40.482,17.267,2
218,Point,,42,40.482,17.268,2
218,Point,,30,40.481,17.225,2
218,Point,,27,40.48,17.224,2
218,Point,,28,40.48,17.223,2
218,Point,,29,40.48,17.224,2
218,Point,,23,40.479,17.225,2
218,Point,,24,40.479,17.225,2
218,Point,,25,40.479,17.225,2
218,Point,,26,40.479,17.225,2
218,Point,,16,40.478,17.228,2
218,Point,,17,40.478,17.228,2
218,Point,,18,40.478,17.228,2
218,Point,,19,40.478,17.227,2
218,Point,,20,40.478,17.226,2
218,Point,,21,40.478,17.227,2
218,Point,,22,40.478,17.225,2
218,Point,,10,40.477,17.229,2
218,Point,,11,40.477,17.229,2
218,Point,,13,40.477,17.228,2
218,Point,,14,40.477,17.228,2
218,Point,,15,40.477,17.227,2
115,Point,,4,40.476,-155.698,1
218,Point,,3,40.476,17.232,2
218,Point,,4,40.476,17.231,2
218,Point,,5,40.476,17.231,2
218,Point,,6,40.476,17.23,2
218,Point,,7,40.476,17.23,2
218,Point,,8,40.476,17.23,2
218,Point,,9,40.476,17.229,2
218,Point,,12,40.476,17.229,2
218,Point,,1,40.475,17.233,2
218,Point,,2,40.475,17.232,2
109,Point,,23,40.447,5.106,2
114,Point,,9,40.415,-151.629,1
109,Point,,25,40.39,10.094,2
114,Point,,10,40.356,-150.086,1
114,Point,,11,40.356,-148.029,1
114,Point,,14,40.356,-140.914,1
151,Point,,4,40.328,2.712,1
207,Point,,3,40.321,151.013,1
115,Point,,6,40.317,-152.346,1
201,Point,,36,40.277,-126.206,2
151,Point,,5,40.238,2.631,1
105,Point,,29,40.217,17.85,1
105,Point,,30,40.217,17.85,1
114,Point,,4,40.119,-156.686,1
114,Point,,12,40.119,-146.229,1
143,Point,,92,40.068,-138.857,2
194,Point,,4,40.067,3.572,2
151,Point,,6,40.042,2.379,1
148,Point,,5,40.011,3.796,3
194,Point,,5,40,2.763,2
109,Point,,5,39.968,1.464,2
207,Point,,2,39.951,148.079,1
114,Point,,13,39.941,-144.514,1
83,Point,,3,39.696,19.411,1
143,Point,,18,39.661,-138.4,2
143,Point,,66,39.661,-155.086,2
204,Point,,18,39.623,9.678,1
204,Point,,30,39.623,9.678,1
194,Point,,2,39.594,2.25,2
115,Point,,3,39.524,-155.419,1
999,Point,,BF-249,39.517,-123.78,1
207,Point,,1,39.481,147.17,1
999,Point,,BF-14,39.461,-123.809,1
143,Point,,1,39.458,-144.773,2
143,Point,,4,39.458,-132.955,2
143,Point,,67,39.458,-145.356,2
143,Point,,68,39.458,-141.254,2
143,Point,,70,39.458,-133.048,2
83,Point,,2,39.433,19.812,1
109,Point,,24,39.404,4.856,2
180,Point,,2,39.382,142.219,1
204,Point,,17,39.377,9.701,1
204,Point,,29,39.377,9.701,1
194,Point,,3,39.317,3.276,2
143,Point,,2,39.254,-140.909,2
143,Point,,3,39.254,-135.455,2
143,Point,,19,39.254,-136.343,2
143,Point,,69,39.254,-135.328,2
204,Point,,7,39.24,8.277,1
204,Point,,19,39.24,8.277,1
180,Point,,1,39.217,142.134,1
194,Point,,1,39.217,1.875,2
83,Point,,1,39.197,19.743,1
204,Point,,13,39.121,9.392,1
204,Point,,25,39.121,9.392,1
204,Point,,8,39.117,8.131,1
204,Point,,20,39.117,8.131,1
204,Point,,14,39.104,9.426,1
204,Point,,26,39.104,9.426,1
204,Point,,15,39.091,9.46,1
204,Point,,27,39.091,9.46,1
204,Point,,16,39.07,9.493,1
204,Point,,28,39.07,9.493,1
114,Point,,3,39.05,-156.943,1
169,Point,,1,39.001,117.708,1
204,Point,,9,38.998,8.125,1
204,Point,,21,38.998,8.125,1
169,Point,,7,38.986,117.753,1
169,Point,,2,38.975,117.724,1
169,Point,,6,38.966,117.819,1
169,Point,,8,38.962,117.736,1
169,Point,,3,38.959,117.766,1
201,Point,,35,38.947,-126.126,2
169,Point,,4,38.944,117.829,1
169,Point,,5,38.928,117.891,1
109,Point,,29,38.869,12.438,2
143,Point,,72,38.847,-127.123,2
109,Point,,4,38.84,0.766,2
204,Point,,10,38.836,8.462,1
204,Point,,22,38.836,8.462,1
204,Point,,12,38.742,9.095,1
204,Point,,24,38.742,9.095,1
201,Point,,30,38.698,-123.834,2
201,Point,,34,38.698,-126.126,2
204,Point,,11,38.695,8.49,1
204,Point,,23,38.695,8.49,1
143,Point,,5,38.644,-126.591,2
143,Point,,91,38.644,-135.886,2
143,Point,,93,38.644,-136.8,2
115,Point,,7,38.571,-135.587,1
102,Point,,32,38.549,-28.963,1
102,Point,,31,38.542,-28.97,1
102,Point,,33,38.541,-29.039,1
102,Point,,30,38.538,-28.961,1
102,Point,,29,38.532,-28.977,1
102,Point,,3,38.529,-29.018,1
102,Point,,4,38.528,-29.006,1
102,Point,,10,38.528,-29.006,1
102,Point,,1,38.527,-29.025,1
102,Point,,2,38.527,-29.023,1
102,Point,,28,38.526,-28.982,1
102,Point,,5,38.525,-29.019,1
102,Point,,11,38.525,-29.004,1
102,Point,,27,38.525,-28.983,1
102,Point,,12,38.524,-28.999,1
102,Point,,25,38.524,-28.984,1
102,Point,,26,38.524,-28.984,1
102,Point,,6,38.523,-29.016,1
102,Point,,8,38.523,-29.012,1
102,Point,,9,38.523,-29.008,1
102,Point,,13,38.523,-28.991,1
102,Point,,7,38.522,-29.015,1
102,Point,,24,38.522,-28.985,1
102,Point,,14,38.52,-28.996,1
102,Point,,15,38.519,-28.994,1
102,Point,,23,38.518,-28.982,1
102,Point,,22,38.517,-28.985,1
102,Point,,16,38.516,-28.995,1
102,Point,,21,38.516,-28.986,1
102,Point,,20,38.515,-28.986,1
102,Point,,17,38.513,-28.98,1
102,Point,,18,38.513,-28.976,1
102,Point,,19,38.512,-28.975,1
999,Point,,BF-15,38.512,-123.245,1
109,Point,,26,38.474,5.255,2
105,Point,,40,38.45,14.917,1
105,Point,,41,38.45,14.917,1
105,Point,,42,38.45,14.917,1
143,Point,,20,38.441,-137.486,2
201,Point,,33,38.366,-124.704,2
109,Point,,3,38.361,0.417,2
999,Point,,BF-504,38.353,-123.067,1
202,Point,,6,38.333,21.625806,2
999,Point,,BF-5,38.3,-123.1,1
201,Point,,32,38.283,-124.545,2
209,Point,,7,38.279,15.231,2
209,Point,,8,38.279,15.246,2
209,Point,,6,38.277,15.221,2
209,Point,,5,38.271,15.219,2
209,Point,,9,38.268,15.252,2
209,Point,,3,38.266,15.218,2
209,Point,,4,38.262,15.208,2
209,Point,,2,38.26,15.226,2
209,Point,,10,38.257,15.255,2
209,Point,,1,38.252,15.226,2
209,Point,,11,38.25,15.256,2
209,Point,,12,38.245,15.256,2
143,Point,,94,38.237,-137.486,2
109,Point,,30,38.221,13.935,2
201,Point,,31,38.199,-124.229,2
202,Point,,5,38.095,21.2129032,2
143,Point,,21,38.034,-138.4,2
143,Point,,95,38.034,-138.857,2
115,Point,,8,37.937,-136.983,1
112,Point,,4,37.888,21.253,1
202,Point,,2,37.857,-0.4645161,2
105,Point,,22,37.85,15.3,1
105,Point,,23,37.85,15.3,1
105,Point,,24,37.85,15.3,1
105,Point,,25,37.85,15.3,1
105,Point,,26,37.85,15.3,1
105,Point,,27,37.85,15.3,1
105,Point,,28,37.85,15.3,1
143,Point,,71,37.831,-129.402,2
193,Point,,1,37.806,23.113,2
999,Point,,BF-382,37.742,-122.509,1
151,Point,,7,37.733,0.266,1
999,Point,,BF-240,37.674,-122.496,1
151,Point,,8,37.654,-0.355,1
143,Point,,22,37.627,-139.314,2
143,Point,,23,37.627,-139.543,2
112,Point,,1,37.614,-0.578,1
109,Point,,27,37.544,3.858,2
151,Point,,9,37.45,-0.694,1
109,Point,,2,37.432,-0.88,2
109,Point,,28,37.432,7.201,2
202,Point,,1,37.429,-0.9806452,2
143,Point,,6,37.424,-129.773,2
143,Point,,96,37.424,-139.771,2
151,Point,,10,37.385,-0.795,1
152,Point,,1,37.333,-9.229,1
149,Point,,3,37.212,-7.074,1
99,Point,,1,37.173,-76.182,2
94,Point,,1,37.085,14.057,1
94,Point,,3,37.085,14.136,1
94,Point,,2,37.067,14.087,1
94,Point,,4,37.067,14.186,1
105,Point,,31,37.067,15.283,1
105,Point,,33,37.067,15.283,1
105,Point,,34,37.067,15.283,1
105,Point,,35,37.067,15.283,1
105,Point,,38,37.067,15.283,1
105,Point,,39,37.067,15.283,1
105,Point,,17,37.05,15.283,1
105,Point,,18,37.05,15.283,1
105,Point,,19,37.05,15.267,1
105,Point,,20,37.05,15.267,1
105,Point,,21,37.05,15.267,1
105,Point,,32,37.05,15.267,1
105,Point,,36,37.05,15.267,1
105,Point,,37,37.05,15.267,1
94,Point,,5,37.048,14.191,1
226,Point,,3,37.012,-8.93,1
226,Point,,2,37.009,-7.998,1
94,Point,,6,36.964,14.3,1
94,Point,,7,36.939,14.385,1
94,Point,,8,36.873,14.345,1
94,Point,,9,36.867,14.4,1
94,Point,,10,36.848,14.409,1
94,Point,,11,36.824,14.444,1
143,Point,,24,36.814,-140,2
143,Point,,29,36.814,-125.143,2
94,Point,,12,36.794,14.459,1
94,Point,,13,36.77,14.474,1
94,Point,,14,36.764,14.494,1
94,Point,,16,36.745,14.598,1
149,Point,,1,36.738,-3.994,1
94,Point,,17,36.733,14.628,1
165,Point,,2,36.719,34.586,1
168,Point,,2,36.719,34.586,1
96,Point,,1,36.706,-122.287,1
94,Point,,18,36.703,14.658,1
94,Point,,19,36.697,14.687,1
94,Point,,20,36.697,14.732,1
94,Point,,21,36.697,14.757,1
165,Point,,3,36.693,34.748,1
168,Point,,3,36.693,34.748,1
165,Point,,1,36.683,34.542,1
168,Point,,1,36.683,34.542,1
165,Point,,4,36.679,34.894,1
168,Point,,4,36.679,34.894,1
94,Point,,24,36.673,14.911,1
94,Point,,25,36.673,14.98,1
211,Point,,1,36.671,121.505,1
94,Point,,22,36.667,14.712,1
94,Point,,26,36.667,15.025,1
94,Point,,15,36.642,14.484,1
94,Point,,23,36.642,14.702,1
94,Point,,27,36.618,15.06,1
143,Point,,25,36.61,-140.914,2
143,Point,,97,36.61,-140.686,2
143,Point,,104,36.61,-124.229,2
143,Point,,105,36.61,-125.829,2
143,Point,,30,36.407,-125.829,2
151,Point,,11,36.244,-4.175,1
151,Point,,12,36.239,-4.194,1
143,Point,,31,36.203,-126.286,2
149,Point,,2,36.167,-5.41,1
109,Point,,1,36.107,-5.071,2
115,Point,,10,36.032,-139.777,1
143,Point,,98,36,-141.143,2
143,Point,,106,36,-126.743,2
181,Point,,10,35.918,-149.819,2
181,Point,,11,35.918,-146.794,2
181,Point,,12,35.918,-145.766,2
143,Point,,7,35.797,-127.5,2
143,Point,,83,35.797,-127.806,2
115,Point,,9,35.714,-138.101,1
143,Point,,26,35.593,-140.914,2
143,Point,,32,35.593,-128.8,2
143,Point,,33,35.593,-130.4,2
143,Point,,103,35.593,-139.543,2
143,Point,,107,35.593,-128.8,2
90,Point,,2,35.555,24.085,1
90,Point,,1,35.549,24.062,1
143,Point,,8,35.39,-139.318,2
143,Point,,9,35.39,-137.045,2
143,Point,,10,35.39,-133.182,2
143,Point,,85,35.39,-133.276,2
143,Point,,86,35.39,-137.379,2
143,Point,,87,35.39,-139.658,2
143,Point,,88,35.39,-139.658,2
143,Point,,108,35.39,-129.943,2
181,Point,,13,35.374,-142.198,2
181,Point,,14,35.374,-141.23,2
224,Point,,1,35.337,139.749,3
143,Point,,99,35.186,-141.371,2
181,Point,,8,35.102,-151.028,2
181,Point,,9,35.102,-150.423,2
188,Point,,1,35.042,128.704,3
143,Point,,34,34.983,-130.629,2
143,Point,,84,34.983,-129.174,2
201,Point,,28,34.958,-122.332,2
181,Point,,7,34.83,-153.69,2
201,Point,,29,34.792,-121.937,2
115,Point,,11,34.762,-141.732,1
201,Point,,27,34.709,-122.332,2
181,Point,,6,34.626,-154.294,2
201,Point,,26,34.626,-122.174,2
143,Point,,27,34.576,-140.914,2
143,Point,,102,34.576,-140,2
143,Point,,109,34.576,-131.314,2
201,Point,,24,34.543,-122.49,2
201,Point,,25,34.543,-122.253,2
190,Point,,1,34.4,131.383,1
201,Point,,23,34.377,-122.806,2
143,Point,,100,34.373,-141.829,2
181,Point,,5,34.218,-154.597,2
201,Point,,22,34.211,-122.964,2
143,Point,,35,33.966,-132.914,2
143,Point,,36,33.966,-133.6,2
143,Point,,110,33.966,-133.6,2
201,Point,,21,33.961,-122.411,2
201,Point,,20,33.795,-122.569,2
143,Point,,28,33.763,-140.686,2
143,Point,,111,33.763,-134.057,2
115,Point,,13,33.651,-139.218,1
115,Point,,14,33.651,-136.983,1
201,Point,,19,33.629,-122.648,2
143,Point,,37,33.559,-134.286,2
143,Point,,101,33.559,-140,2
143,Point,,112,33.356,-134.971,2
115,Point,,12,33.175,-141.453,1
201,Point,,10,33.13,-121.146,2
201,Point,,9,32.881,-121.621,2
201,Point,,11,32.881,-120.988,2
205,Point,,1,32.796,-79.964,1
146,Point,,14,32.667,-16.731,2
146,Point,,15,32.654,-16.688,2
201,Point,,13,32.632,-120.435,2
201,Point,,14,32.632,-120.119,2
146,Point,,1,32.629,-17.043,2
146,Point,,13,32.625,-16.824,2
146,Point,,11,32.616,-16.881,2
146,Point,,2,32.614,-17,2
146,Point,,12,32.605,-16.847,2
115,Point,,9,32.598,143.714,1
146,Point,,10,32.588,-16.897,2
146,Point,,3,32.585,-16.999,2
146,Point,,4,32.574,-16.964,2
146,Point,,9,32.574,-16.864,2
146,Point,,5,32.567,-16.921,2
143,Point,,38,32.542,-136.8,2
143,Point,,57,32.542,-123.314,2
143,Point,,58,32.542,-124.686,2
143,Point,,59,32.542,-126.514,2
143,Point,,65,32.542,-166.057,2
146,Point,,8,32.537,-16.853,2
146,Point,,6,32.509,-16.882,2
146,Point,,7,32.478,-16.87,2
201,Point,,12,32.382,-120.988,2
115,Point,,15,32.381,-140.056,1
143,Point,,56,32.339,-121.029,2
143,Point,,60,32.339,-128.114,2
201,Point,,15,32.299,-119.565,2
201,Point,,17,32.299,-118.933,2
114,Point,,2,32.226,-156.943,1
115,Point,,20,32.222,-123.855,1
118,Point,,1,32.219,34.815,2
181,Point,,4,32.177,-156.048,2
143,Point,,55,32.136,-118.743,2
143,Point,,61,32.136,-130.629,2
143,Point,,62,32.136,-132.914,2
143,Point,,64,32.136,-134.971,2
225,Point,,3,32.081,121.603,2
115,Point,,16,32.063,-138.101,1
115,Point,,18,32.063,-129.721,1
115,Point,,19,32.063,-127.207,1
115,Point,,21,32.063,-121.061,1
115,Point,,17,31.905,-135.866,1
201,Point,,16,31.884,-119.644,2
115,Point,,8,31.811,145.429,1
201,Point,,18,31.801,-118.617,2
143,Point,,63,31.729,-133.829,2
167,Point,,1,31.628,-41.415,1
225,Point,,2,31.616,121.392,2
115,Point,,1,31.587,-155.14,1
201,Point,,8,31.551,-120.909,2
143,Point,,39,31.525,-137.486,2
143,Point,,81,31.525,-132.821,2
167,Point,,4,31.46,-53.697,1
167,Point,,7,31.46,-53.697,1
114,Point,,1,31.454,-156.857,1
181,Point,,3,31.429,-156.472,2
143,Point,,40,31.322,-139.314,2
143,Point,,79,31.322,-141.026,2
143,Point,,80,31.322,-136.695,2
143,Point,,41,31.119,-139.771,2
143,Point,,78,31.119,-144.672,2
115,Point,,2,30.952,-154.86,1
106,Point,,8,30.915,-133.446,2
143,Point,,82,30.915,-128.718,2
143,Point,,113,30.915,-139.543,2
106,Point,,7,30.72,-135.609,2
106,Point,,10,30.72,-127.437,2
143,Point,,42,30.508,-141.371,2
106,Point,,9,30.231,-131.523,2
143,Point,,114,30.102,-140.686,2
115,Point,,7,29.921,147.714,1
143,Point,,115,29.898,-141.6,2
101,Point,,16,29.823,50.257,1
101,Point,,15,29.619,50.393,1
225,Point,,1,29.508,121.458,2
143,Point,,116,29.492,-144.114,2
101,Point,,14,29.429,50.551,1
143,Point,,43,29.288,-143.429,2
174,Point,,32,29.198,-87.239,1
106,Point,,6,28.96,-139.936,2
143,Point,,44,28.881,-144.343,2
101,Point,,13,28.871,50.844,1
181,Point,,2,28.844,-157.56,2
174,Point,,31,28.752,-87.788,1
101,Point,,12,28.626,51.047,1
174,Point,,35,28.596,-86.035,1
174,Point,,30,28.396,-87.929,1
174,Point,,20,28.373,-89.858,1
174,Point,,34,28.351,-86.336,1
999,Point,,BF-434,28.312,-123.047,1
143,Point,,117,28.271,-144.114,2
110,Point,,7,28.249,-60.936,1
110,Point,,8,28.249,-60.819,1
174,Point,,21,28.24,-89.664,1
999,Point,,BF-152,28.209,-177.332,1
999,Point,,BF-153,28.209,-177.378,1
999,Point,,BF-154,28.209,-177.378,1
999,Point,,BF-155,28.209,-177.332,1
999,Point,,BF-156,28.208,-177.341,1
110,Point,,6,28.192,-60.936,1
174,Point,,29,28.15,-87.558,1
174,Point,,33,28.128,-86.673,1
181,Point,,1,28.027,-157.863,2
174,Point,,22,28.017,-89.522,1
148,Point,,2,28,-17.205,3
106,Point,,2,27.983,-145.705,2
195,Point,,16,27.94,-175.732,2
195,Point,,15,27.936,-175.736,2
195,Point,,17,27.936,-175.73,2
195,Point,,20,27.934,-175.732,2
195,Point,,18,27.932,-175.729,2
195,Point,,19,27.928,-175.729,2
195,Point,,21,27.928,-175.731,2
195,Point,,14,27.888,-175.793,2
174,Point,,19,27.883,-90.23,1
195,Point,,11,27.854,-175.799,2
195,Point,,12,27.854,-175.792,2
195,Point,,13,27.853,-175.79,2
195,Point,,9,27.851,-175.795,2
195,Point,,8,27.85,-175.796,2
195,Point,,7,27.848,-175.799,2
195,Point,,10,27.846,-175.795,2
195,Point,,4,27.841,-175.826,2
174,Point,,28,27.838,-86.761,1
195,Point,,5,27.833,-175.811,2
195,Point,,6,27.832,-175.81,2
195,Point,,3,27.829,-175.818,2
195,Point,,2,27.823,-175.818,2
101,Point,,11,27.796,51.589,1
195,Point,,1,27.792,-175.833,2
106,Point,,3,27.787,-144.743,2
106,Point,,4,27.787,-141.138,2
106,Point,,5,27.787,-140.417,2
174,Point,,27,27.705,-86.973,1
143,Point,,73,27.661,-129.174,2
143,Point,,76,27.661,-141.481,2
174,Point,,23,27.66,-89.274,1
174,Point,,14,27.593,-91.522,1
174,Point,,18,27.549,-89.982,1
184,Point,,1,27.544,-97.285,1
110,Point,,4,27.514,-58.246,1
133,Point,,1,27.483,-80.417,1
110,Point,,5,27.458,-60.585,1
143,Point,,12,27.458,-140.682,2
143,Point,,45,27.458,-146.4,2
143,Point,,46,27.458,-147.771,2
143,Point,,75,27.458,-135.1,2
143,Point,,118,27.458,-146.4,2
174,Point,,1,27.437,-95.646,1
174,Point,,2,27.415,-93.327,1
101,Point,,10,27.306,52.628,1
174,Point,,17,27.281,-89.788,1
174,Point,,26,27.281,-87.221,1
143,Point,,11,27.254,-145.455,2
143,Point,,13,27.254,-135,2
143,Point,,14,27.254,-132.727,2
143,Point,,15,27.254,-129.318,2
174,Point,,12,27.192,-91.522,1
174,Point,,24,27.148,-88.761,1
101,Point,,9,27.102,52.876,1
143,Point,,74,27.051,-132.821,2
143,Point,,77,27.051,-145.128,2
174,Point,,13,27.014,-91.292,1
101,Point,,8,26.993,53.327,1
174,Point,,3,26.992,-93.133,1
174,Point,,11,26.992,-91.929,1
101,Point,,1,26.966,55.698,1
143,Point,,47,26.847,-148.457,2
101,Point,,2,26.816,55.427,1
201,Point,,7,26.814,-112.451,2
174,Point,,25,26.813,-88.106,1
174,Point,,16,26.747,-89.575,1
101,Point,,7,26.721,53.914,1
101,Point,,3,26.707,55.223,1
143,Point,,119,26.644,-147.543,2
115,Point,,6,26.614,152.286,1
110,Point,,2,26.61,-58.246,1
110,Point,,3,26.61,-58.947,1
101,Point,,4,26.531,54.93,1
101,Point,,5,26.49,54.682,1
143,Point,,120,26.441,-148.686,2
174,Point,,8,26.412,-92.106,1
201,Point,,6,26.233,-112.372,2
174,Point,,15,26.212,-89.292,1
101,Point,,6,26.122,54.321,1
174,Point,,7,26.1,-92.283,1
167,Point,,3,26.082,-64.197,1
167,Point,,6,26.082,-64.197,1
167,Point,,9,26.082,-64.197,1
201,Point,,5,26.066,-112.53,2
174,Point,,10,26.056,-91.186,1
174,Point,,9,25.967,-91.593,1
201,Point,,49,25.9,-159.012,2
174,Point,,4,25.877,-93.646,1
143,Point,,48,25.424,-149.143,2
143,Point,,49,25.424,-150.286,2
106,Point,,1,25.344,-146.907,2
201,Point,,50,25.235,-158.379,2
143,Point,,121,25.22,-149.371,2
110,Point,,1,25.141,-57.661,1
201,Point,,51,25.069,-156.957,2
115,Point,,5,25.039,154.286,1
201,Point,,52,24.903,-157.431,2
143,Point,,50,24.814,-151.429,2
143,Point,,122,24.814,-150.743,2
174,Point,,6,24.763,-91.558,1
201,Point,,53,24.488,-157.352,2
154,Point,,2,24.418,118.348,3
143,Point,,123,24.407,-151.657,2
201,Point,,54,24.238,-156.798,2
201,Point,,55,24.155,-155.85,2
115,Point,,4,23.937,155.714,1
201,Point,,56,23.906,-156.008,2
201,Point,,4,23.823,-111.028,2
201,Point,,3,23.74,-110.395,2
174,Point,,5,23.738,-91.504,1
201,Point,,58,23.407,-155.929,2
154,Point,,3,23.402,120.161,3
143,Point,,51,23.39,-151.886,2
143,Point,,52,23.39,-153.486,2
143,Point,,124,23.39,-152.114,2
167,Point,,2,23.292,-65.083,1
167,Point,,5,23.292,-65.083,1
167,Point,,8,23.292,-65.083,1
201,Point,,57,23.241,-156.245,2
143,Point,,125,23.186,-153.943,2
154,Point,,4,23.004,120.129,3
143,Point,,53,22.983,-154.171,2
143,Point,,126,22.983,-154.171,2
201,Point,,2,22.659,-108.972,2
201,Point,,59,22.576,-154.506,2
201,Point,,60,22.41,-155.217,2
999,Point,,BF-144,22.213,-159.366,1
999,Point,,BF-149,22.213,-159.366,1
999,Point,,BF-633,22.213,-159.366,1
999,Point,,BF-34,22.206,-159.341,1
999,Point,,BF-205,22.206,-159.341,1
115,Point,,3,22.205,155.714,1
999,Point,,BF-313,22.113,-159.298,1
999,Point,,BF-539,22.096,-159.306,1
999,Point,,BF-540,22.096,-159.306,1
999,Point,,BF-421,22.095,-159.306,1
999,Point,,BF-627,22.074,-159.316,1
999,Point,,BF-21,22.066,-159.804,1
999,Point,,BF-626,22.059,-159.32,1
999,Point,,BF-204,22,-159.8,1
999,Point,,BF-147,21.993,-159.341,1
999,Point,,BF-315,21.993,-159.341,1
143,Point,,54,21.966,-155.543,2
999,Point,,BF-88,21.705,-158.001,1
999,Point,,BF-87,21.699,-158.023,1
999,Point,,BF-84,21.696,-157.974,1
999,Point,,BF-85,21.696,-157.974,1
999,Point,,BF-25,21.681,-157.942,1
999,Point,,BF-35,21.681,-157.942,1
999,Point,,BF-75,21.668,-157.937,1
999,Point,,BF-158,21.668,-157.937,1
999,Point,,BF-31,21.647,-157.92,1
999,Point,,BF-497,21.647,-157.92,1
999,Point,,BF-209,21.594,-158.106,1
999,Point,,BF-11,21.59,-157.889,1
999,Point,,BF-72,21.59,-157.889,1
999,Point,,BF-20,21.583,-158.198,1
201,Point,,61,21.579,-155.296,2
999,Point,,BF-6,21.566,-157.889,1
999,Point,,BF-253,21.561,-157.872,1
143,Point,,127,21.559,-155.314,2
999,Point,,BF-33,21.46,-157.832,1
999,Point,,BF-143,21.408,-157.74,1
999,Point,,BF-49,21.394,-157.719,1
999,Point,,BF-206,21.347,-157.703,1
999,Point,,BF-311,21.347,-157.703,1
999,Point,,BF-312,21.347,-157.703,1
999,Point,,BF-453,21.347,-157.703,1
999,Point,,BF-27,21.315,-157.662,1
999,Point,,BF-139,21.313,-157.96,1
999,Point,,BF-555,21.298,-157.655,1
999,Point,,BF-257,21.288,-157.667,1
999,Point,,BF-145,21.275,-157.768,1
999,Point,,BF-17,21.271,-157.697,1
999,Point,,BF-142,21.27,-157.695,1
191,Line,W,1,21.193,-157.866,1
191,Line,E,1,21.193,-157.845,1
191,Line,W,2,21.189,-157.884,1
191,Line,E,2,21.189,-157.839,1
191,Line,E,3,21.184,-157.823,1
191,Line,W,3,21.183,-157.87,1
191,Line,W,4,21.174,-157.872,1
191,Line,E,4,21.174,-157.823,1
999,Point,,BF-148,20.938,-156.508,1
999,Point,,BF-96,20.8,-156.7,1
999,Point,,BF-132,20.8,-156.7,1
999,Point,,BF-133,20.8,-156.7,1
999,Point,,BF-242,20.8,-156.9,1
208,Point,,1,20.736,-156.691,1
999,Point,,BF-32,20.605,-156.451,1
999,Point,,BF-41,20.549,-156.552,1
201,Point,,1,20.499,-109.684,2
115,Point,,2,19.843,155.714,1
999,Point,,BF-329,19.698,-156.046,1
999,Point,,BF-19,19.675,-156.029,1
999,Point,,BF-90,19.575,-155.984,1
999,Point,,BF-91,19.504,-155.963,1
115,Point,,1,19.055,157.143,1
999,Point,,BF-54,18.978,-155.616,1
999,Point,,BF-68,18.978,-155.616,1
999,Point,,BF-69,18.978,-155.616,1
999,Point,,BF-70,18.978,-155.616,1
999,Point,,BF-92,18.978,-155.616,1
999,Point,,BF-138,18.978,-155.616,1
148,Point,,6,15.456,-61.255,3
95,Point,,4,15.068,-48.018,1
134,Point,,1,13.126,80.297,1
88,Point,,15,11.021,-74.928,1
88,Point,,14,11.003,-74.953,1
98,Point,,2,10.962,-74.782,1
88,Point,,12,10.946,-75.036,1
88,Point,,13,10.944,-75.043,1
98,Point,,1,10.93,-75.059,1
88,Point,,11,10.901,-75.042,1
88,Point,,10,10.894,-75.053,1
95,Point,,3,10.89,-44.562,1
88,Point,,9,10.884,-75.077,1
88,Point,,8,10.878,-75.084,1
88,Point,,7,10.869,-75.099,1
88,Point,,6,10.858,-75.129,1
88,Point,,5,10.833,-75.152,1
88,Point,,4,10.816,-75.205,1
88,Point,,2,10.795,-75.249,1
88,Point,,3,10.794,-75.221,1
88,Point,,1,10.789,-75.263,1
221,Point,,22,10.173,99.78,1
221,Point,,15,10.125,99.814,1
221,Point,,12,10.123,99.835,1
221,Point,,11,10.122,99.838,1
221,Point,,14,10.122,99.819,1
221,Point,,10,10.121,99.85,1
221,Point,,16,10.12,99.811,1
221,Point,,13,10.117,99.82,1
221,Point,,17,10.115,99.814,1
221,Point,,18,10.113,99.814,1
221,Point,,19,10.11,99.817,1
221,Point,,9,10.106,99.855,1
221,Point,,8,10.102,99.853,1
221,Point,,20,10.094,99.823,1
221,Point,,7,10.09,99.861,1
221,Point,,6,10.081,99.854,1
221,Point,,21,10.08,99.816,1
221,Point,,5,10.069,99.849,1
221,Point,,4,10.068,99.845,1
221,Point,,3,10.064,99.845,1
221,Point,,1,10.06,99.837,1
221,Point,,2,10.059,99.85,1
221,Point,,23,9.999,99.779,1
221,Point,,24,9.946,99.991,1
95,Point,,1,9.384,-21.521,1
154,Point,,1,9.37,-79.968,3
137,Point,,1,9.128,79.466,3
156,Point,,1,8.823,79.585,3
107,Point,,2,7.299,134.416,1
157,Point,,2,7.222,171.055,2
157,Point,,3,7.192,171.094,2
157,Point,,4,7.158,171.163,2
157,Point,,5,7.157,171.203,2
157,Point,,1,7.147,171.027,2
157,Point,,7,7.123,171.357,2
157,Point,,6,7.118,171.316,2
157,Point,,23,7.114,171.095,2
157,Point,,8,7.111,171.367,2
157,Point,,9,7.106,171.372,2
157,Point,,10,7.102,171.382,2
157,Point,,11,7.1,171.376,2
157,Point,,12,7.09,171.38,2
107,Point,,3,7.087,134.259,1
157,Point,,13,7.087,171.378,2
157,Point,,22,7.087,171.129,2
157,Point,,14,7.085,171.374,2
157,Point,,15,7.077,171.343,2
157,Point,,16,7.077,171.331,2
157,Point,,17,7.074,171.323,2
157,Point,,18,7.073,171.318,2
157,Point,,19,7.072,171.314,2
157,Point,,20,7.064,171.288,2
157,Point,,21,7.064,171.275,2
161,Point,,2,6.417,99.783,1
161,Point,,4,6.317,99.8,1
161,Point,,3,6.283,99.717,1
95,Point,,2,5.753,-27.051,1
161,Point,,1,5.367,100.2,1
199,Point,,1,3.761,-77.20059,2
81,Point,,2,1.452,103.778,3
81,Point,,3,1.382,103.951,3
81,Point,,1,1.227,103.853,2
199,Point,,4,-3.704,-77.0956,2
199,Point,,3,-3.723,-77.09971,2
199,Point,,2,-3.793,-77.17478,2
107,Point,,1,-3.86,-33.8,1
148,Point,,8,-7.949,-14.419,3
155,Point,,1,-11.169,129.762,3
113,Point,,9,-11.673,143.765,1
142,Point,,11,-14.265,-38.993,1
142,Point,,10,-14.273,-38.987,1
142,Point,,9,-14.291,-38.978,1
142,Point,,8,-14.307,-38.981,1
142,Point,,7,-14.312,-38.984,1
142,Point,,6,-14.32,-38.987,1
142,Point,,5,-14.343,-38.99,1
142,Point,,4,-14.356,-38.993,1
142,Point,,3,-14.363,-38.993,1
142,Point,,2,-14.371,-39.001,1
142,Point,,1,-14.384,-39.001,1
113,Point,,10,-14.422,145.882,1
113,Point,,11,-15.857,146.118,1
113,Point,,15,-17.649,176.471,1
113,Point,,8,-17.769,120,1
113,Point,,6,-18.127,118.353,1
113,Point,,7,-18.127,118.824,1
113,Point,,5,-18.606,116,1
113,Point,,4,-19.203,116.706,1
113,Point,,3,-19.562,116,1
113,Point,,14,-20.757,171.294,1
113,Point,,2,-20.996,114.118,1
104,Point,,2,-22.687,-43.057,2
104,Point,,1,-22.708,-43.057,2
104,Point,,3,-22.85,-43.117,2
113,Point,,13,-22.908,163.059,1
104,Point,,4,-22.909,-43.117,2
178,Point,,1,-23.671,-70.409,3
113,Point,,12,-23.745,155.529,1
171,Point,,2,-23.933,-130.75,2
171,Point,,1,-24.667,-124.783,2
113,Point,,17,-25.657,153.647,1
113,Point,,16,-26.494,165.412,1
128,Point,,1,-27.073,-109.323,1
128,Point,,2,-27.074,-109.314,1
113,Point,,18,-27.092,154.118,1
213,Point,,1,-27.496,-48.398,2
213,Point,,2,-27.592,-48.425,2
145,Point,,9,-27.607,32.834,1
213,Point,,3,-27.63,-48.449,2
213,Point,,4,-27.745,-48.507,2
215,Point,,14,-28.49,38.58,2
215,Point,,53,-28.53,38.55,2
215,Point,,3,-28.54,38.48,2
215,Point,,44,-28.54,38.48,2
215,Point,,45,-28.54,38.48,2
215,Point,,1,-28.55,38.46,2
215,Point,,18,-28.55,38.46,2
215,Point,,29,-28.55,38.46,2
215,Point,,30,-28.55,38.46,2
215,Point,,42,-28.55,38.48,2
215,Point,,43,-28.55,38.49,2
215,Point,,46,-28.55,38.48,2
215,Point,,21,-28.56,38.52,2
215,Point,,28,-28.56,38.49,2
215,Point,,36,-28.56,38.48,2
215,Point,,37,-28.56,38.49,2
215,Point,,38,-28.56,38.49,2
215,Point,,39,-28.56,38.49,2
215,Point,,40,-28.57,38.5,2
215,Point,,41,-28.57,38.49,2
215,Point,,12,-28.58,38.49,2
215,Point,,13,-28.58,38.49,2
215,Point,,15,-28.58,38.55,2
215,Point,,19,-28.58,38.51,2
215,Point,,20,-28.58,38.49,2
215,Point,,4,-28.59,38.5,2
215,Point,,5,-28.59,38.49,2
215,Point,,6,-28.59,38.49,2
215,Point,,16,-28.59,38.54,2
215,Point,,17,-28.59,38.49,2
215,Point,,26,-28.59,38.52,2
215,Point,,27,-28.59,38.52,2
215,Point,,47,-28.59,38.5,2
215,Point,,51,-28.59,38.51,2
215,Point,,10,-28.6,38.51,2
215,Point,,11,-28.6,38.51,2
215,Point,,31,-28.6,38.5,2
215,Point,,32,-28.6,38.5,2
215,Point,,33,-28.6,38.5,2
215,Point,,34,-28.6,38.5,2
215,Point,,50,-28.6,38.51,2
215,Point,,52,-28.6,38.51,2
206,Point,,21,-28.601,153.593,2
215,Point,,7,-28.61,38.51,2
215,Point,,8,-28.61,38.5,2
215,Point,,9,-28.61,38.51,2
215,Point,,25,-28.61,38.5,2
215,Point,,48,-28.61,38.51,2
215,Point,,49,-28.61,38.5,2
215,Point,,56,-28.61,38.49,2
215,Point,,2,-28.62,38.5,2
215,Point,,23,-28.62,38.51,2
215,Point,,24,-28.62,38.5,2
215,Point,,35,-28.62,38.51,2
215,Point,,54,-28.62,38.49,2
215,Point,,55,-28.62,38.48,2
215,Point,,22,-28.63,38.51,2
206,Point,,20,-28.664,153.641,2
206,Point,,19,-28.724,153.629,2
145,Point,,8,-28.953,31.936,1
206,Point,,18,-29.036,153.46,2
206,Point,,17,-29.083,153.46,2
206,Point,,16,-29.213,153.418,2
138,Point,,1,-29.609,-71.545,1
206,Point,,15,-29.628,153.351,2
138,Point,,2,-29.68,-71.49,1
206,Point,,14,-29.744,153.321,2
138,Point,,3,-29.77,-71.724,1
138,Point,,5,-29.775,-71.486,1
138,Point,,4,-29.782,-71.563,1
138,Point,,6,-29.808,-71.822,1
138,Point,,7,-29.815,-71.469,1
138,Point,,8,-29.863,-71.441,1
206,Point,,13,-29.867,153.285,2
138,Point,,9,-29.874,-71.909,1
138,Point,,10,-29.934,-71.399,1
206,Point,,12,-29.944,153.285,2
138,Point,,11,-29.962,-71.409,1
139,Point,,1,-29.968,-71.381,1
138,Point,,12,-29.969,-71.441,1
138,Point,,15,-29.993,-71.545,1
206,Point,,11,-29.994,153.255,2
138,Point,,14,-30.002,-71.507,1
138,Point,,16,-30.005,-71.594,1
138,Point,,13,-30.007,-71.458,1
206,Point,,10,-30.017,153.225,2
138,Point,,17,-30.055,-71.699,1
113,Point,,19,-30.08,153.647,1
206,Point,,9,-30.09,153.225,2
206,Point,,8,-30.12,153.225,2
206,Point,,7,-30.166,153.218,2
206,Point,,6,-30.196,153.206,2
138,Point,,18,-30.209,-71.731,1
145,Point,,7,-30.224,30.782,1
206,Point,,5,-30.233,153.176,2
206,Point,,4,-30.256,153.17,2
138,Point,,19,-30.301,-71.85,1
206,Point,,3,-30.306,153.14,2
138,Point,,20,-30.329,-71.776,1
206,Point,,2,-30.369,153.134,2
206,Point,,1,-30.489,153.062,2
113,Point,,1,-32.231,114.824,1
113,Point,,20,-32.231,152.941,1
203,Point,,2,-32.441,153.0755,1
203,Point,,3,-32.441,153.3821,1
145,Point,,6,-33.028,27.479,1
113,Point,,21,-33.068,152.471,1
175,Point,,1,-33.834,151.283,3
166,Point,,1,-33.894,-53.506,2
170,Point,,1,-33.923,-53.509,1
145,Point,,5,-33.925,24.882,1
166,Point,,2,-33.994,-53.535,2
145,Point,,4,-34,22.894,1
145,Point,,1,-34.075,18.405,2
203,Point,,1,-34.129,151.2358,1
160,Point,,1,-34.192,18.434,1
145,Point,,2,-34.336,19.206,1
145,Point,,3,-34.636,19.912,1
113,Point,,27,-35.458,136,1
130,Point,,1,-36.48,175.402,2
130,Point,,2,-36.481,175.346,2
130,Point,,3,-36.488,175.33,2
130,Point,,4,-36.492,175.329,2
130,Point,,5,-36.501,175.357,2
130,Point,,6,-36.508,175.416,2
130,Point,,7,-36.517,175.462,2
130,Point,,8,-36.52,175.489,2
130,Point,,9,-36.541,175.44,2
130,Point,,10,-36.549,175.476,2
130,Point,,11,-36.55,175.488,2
130,Point,,12,-36.553,175.494,2
130,Point,,13,-36.556,175.502,2
130,Point,,14,-36.571,175.489,2
130,Point,,15,-36.571,175.473,2
130,Point,,16,-36.593,175.43,2
130,Point,,17,-36.596,175.433,2
130,Point,,18,-36.602,175.462,2
130,Point,,19,-36.608,175.482,2
130,Point,,20,-36.613,175.501,2
130,Point,,21,-36.62,175.512,2
130,Point,,22,-36.63,175.525,2
130,Point,,23,-36.637,175.529,2
130,Point,,24,-36.642,175.528,2
130,Point,,25,-36.648,175.522,2
130,Point,,26,-36.655,175.532,2
130,Point,,27,-36.664,175.556,2
113,Point,,26,-37.49,140,1
113,Point,,25,-38.805,142.824,1
113,Point,,22,-42.629,149.176,1
113,Point,,23,-43.347,148.471,1
113,Point,,24,-44.303,146.118,1
220,Point,,2,-52.17,-59.109,3
148,Point,,7,-52.227,-59.751,3
147,Point,,1,-57.45,-37.75,1
103,Point,,1,-61.291,-54.968,1
103,Point,,2,-61.961,-56.594,1
103,Point,,3,-62.162,-57.597,1
186,Point,,1,-62.198,-58.942,1
103,Point,,4,-62.564,-58.876,1
103,Point,,6,-63.084,-60.501,1
103,Point,,12,-63.117,-64.548,1
103,Point,,5,-63.218,-59.36,1
103,Point,,11,-63.67,-64.167,1
103,Point,,8,-64.374,-63.026,1
103,Point,,10,-64.408,-64.305,1
103,Point,,7,-64.559,-62.473,1
103,Point,,9,-64.927,-63.337,1
183,Point,,1,-67.123,-68.683,3
999,Point,,BF-211,,,1
999,Point,,BF-252,,,1
999,Point,,BF-333,,,1
999,Point,,BF-427,,,1
999,Point,,BF-638,,,1
999,Point,,BF-652,,,1
999,Point,,BF-653,,,1
999,Point,,BF-654,,,1
999,Point,,BF-655,,,1
999,Point,,BF-656,,,1
999,Point,,BF-657,,,1
999,Point,,BF-658,,,1
999,Point,,BF-659,,,1
999,Point,,BF-660,,,1
999,Point,,BF-661,,,1
999,Point,,BF-662,,,1
999,Point,,BF-663,,,1
999,Point,,BF-664,,,1
999,Point,,BF-665,,,1
999,Point,,BF-666,,,1
999,Point,,BF-667,,,1
999,Point,,BF-668,,,1
999,Point,,BF-669,,,1
999,Point,,BF-670,,,1
999,Point,,BF-671,,,1
999,Point,,BF-672,,,1
999,Point,,BF-673,,,1
999,Point,,BF-674,,,1
999,Point,,BF-675,,,1
999,Point,,BF-676,,,1
999,Point,,BF-677,,,1
999,Point,,BF-678,,,1
999,Point,,BF-679,,,1
